labelId,split,task,queryText,筛选_分类,筛选_预算元(min~max),筛选_最低成色,筛选_必需型号,筛选_必需地点,商品标题,商品型号,商品描述,商品成色,商品售价元,商品状态,商品可见性,商品可交易地点,reviewer,reviewLabel(2/1/0/U),reviewReason,reviewedAt,dispute,adjudicator,finalLabel,adjudicatedAt
bicycle-matching__301,test_candidate,matching,想买 B-TWIN 20 折叠单车,bicycle,200.00 ~ 500.00,good(八成新),B-TWIN 20,place-3-library,迪卡侬 B-TWIN 20 折叠自行车,B-TWIN 20,"功能正常,附带原装配件。",good(八成新),200.00,ON_SALE,public,place-3-library,,,,,,,,
bicycle-matching__302,test_candidate,matching,想买 B-TWIN 20 折叠单车,bicycle,200.00 ~ 500.00,good(八成新),B-TWIN 20,place-3-library,迪卡侬 B-TWIN 20 可折叠通勤单车,B-TWIN 20,"设备完好,可当面检查。",good(八成新),500.00,ON_SALE,public,place-3-library,,,,,,,,
bicycle-matching__303,test_candidate,matching,想买 B-TWIN 20 折叠单车,bicycle,200.00 ~ 500.00,good(八成新),B-TWIN 20,place-3-library,迪卡侬 ROCKRIDER 山地车,OTHER-MODEL,"同类用品,具体型号与目标不同。",good(八成新),350.00,ON_SALE,public,place-3-library,,,,,,,,
bicycle-matching__304,test_candidate,matching,想买 B-TWIN 20 折叠单车,bicycle,200.00 ~ 500.00,good(八成新),B-TWIN 20,place-3-library,迪卡侬 B-TWIN 20 折叠自行车,B-TWIN 20,"出售相同型号,价格见标价。",good(八成新),500.01,ON_SALE,public,place-3-library,,,,,,,,
bicycle-matching__305,test_candidate,matching,想买 B-TWIN 20 折叠单车,bicycle,200.00 ~ 500.00,good(八成新),B-TWIN 20,place-3-library,迪卡侬 B-TWIN 20 折叠自行车,B-TWIN 20,"相同型号,已完成交易。",good(八成新),350.00,SOLD,public,place-3-library,,,,,,,,
bicycle-matching__306,test_candidate,matching,想买 B-TWIN 20 折叠单车,bicycle,200.00 ~ 500.00,good(八成新),B-TWIN 20,place-3-library,迪卡侬 B-TWIN 20 折叠自行车,B-TWIN 20,请依据结构化状态核对资格。,good(八成新),350.00,ON_SALE,private,place-3-library,,,,,,,,
bicycle-search-exact__301,test_candidate,search,迪卡侬 B-TWIN 20 折叠自行车,bicycle,200.00 ~ 500.00,,,,迪卡侬 B-TWIN 20 折叠自行车,B-TWIN 20,"功能正常,附带原装配件。",good(八成新),200.00,ON_SALE,public,place-3-library,,,,,,,,
bicycle-search-exact__302,test_candidate,search,迪卡侬 B-TWIN 20 折叠自行车,bicycle,200.00 ~ 500.00,,,,迪卡侬 B-TWIN 20 可折叠通勤单车,B-TWIN 20,"设备完好,可当面检查。",good(八成新),500.00,ON_SALE,public,place-3-library,,,,,,,,
bicycle-search-exact__303,test_candidate,search,迪卡侬 B-TWIN 20 折叠自行车,bicycle,200.00 ~ 500.00,,,,迪卡侬 ROCKRIDER 山地车,OTHER-MODEL,"同类用品,具体型号与目标不同。",good(八成新),350.00,ON_SALE,public,place-3-library,,,,,,,,
bicycle-search-exact__304,test_candidate,search,迪卡侬 B-TWIN 20 折叠自行车,bicycle,200.00 ~ 500.00,,,,迪卡侬 B-TWIN 20 折叠自行车,B-TWIN 20,"出售相同型号,价格见标价。",good(八成新),500.01,ON_SALE,public,place-3-library,,,,,,,,
bicycle-search-exact__305,test_candidate,search,迪卡侬 B-TWIN 20 折叠自行车,bicycle,200.00 ~ 500.00,,,,迪卡侬 B-TWIN 20 折叠自行车,B-TWIN 20,"相同型号,已完成交易。",good(八成新),350.00,SOLD,public,place-3-library,,,,,,,,
bicycle-search-exact__306,test_candidate,search,迪卡侬 B-TWIN 20 折叠自行车,bicycle,200.00 ~ 500.00,,,,迪卡侬 B-TWIN 20 折叠自行车,B-TWIN 20,请依据结构化状态核对资格。,good(八成新),350.00,ON_SALE,private,place-3-library,,,,,,,,
bicycle-search-natural__301,test_candidate,search,想买 B-TWIN 20 折叠单车,bicycle,200.00 ~ 500.00,,,,迪卡侬 B-TWIN 20 折叠自行车,B-TWIN 20,"功能正常,附带原装配件。",good(八成新),200.00,ON_SALE,public,place-3-library,,,,,,,,
bicycle-search-natural__302,test_candidate,search,想买 B-TWIN 20 折叠单车,bicycle,200.00 ~ 500.00,,,,迪卡侬 B-TWIN 20 可折叠通勤单车,B-TWIN 20,"设备完好,可当面检查。",good(八成新),500.00,ON_SALE,public,place-3-library,,,,,,,,
bicycle-search-natural__303,test_candidate,search,想买 B-TWIN 20 折叠单车,bicycle,200.00 ~ 500.00,,,,迪卡侬 ROCKRIDER 山地车,OTHER-MODEL,"同类用品,具体型号与目标不同。",good(八成新),350.00,ON_SALE,public,place-3-library,,,,,,,,
bicycle-search-natural__304,test_candidate,search,想买 B-TWIN 20 折叠单车,bicycle,200.00 ~ 500.00,,,,迪卡侬 B-TWIN 20 折叠自行车,B-TWIN 20,"出售相同型号,价格见标价。",good(八成新),500.01,ON_SALE,public,place-3-library,,,,,,,,
bicycle-search-natural__305,test_candidate,search,想买 B-TWIN 20 折叠单车,bicycle,200.00 ~ 500.00,,,,迪卡侬 B-TWIN 20 折叠自行车,B-TWIN 20,"相同型号,已完成交易。",good(八成新),350.00,SOLD,public,place-3-library,,,,,,,,
bicycle-search-natural__306,test_candidate,search,想买 B-TWIN 20 折叠单车,bicycle,200.00 ~ 500.00,,,,迪卡侬 B-TWIN 20 折叠自行车,B-TWIN 20,请依据结构化状态核对资格。,good(八成新),350.00,ON_SALE,private,place-3-library,,,,,,,,
calculator-matching__101,dev,matching,想找 TI-84 Plus 图形计算器,calculator,100.00 ~ 200.00,good(八成新),TI-84 Plus,place-1-library,TI-84 Plus 计算器,TI-84 Plus,"功能正常,附带原装配件。",good(八成新),100.00,ON_SALE,public,place-1-library,,,,,,,,
calculator-matching__102,dev,matching,想找 TI-84 Plus 图形计算器,calculator,100.00 ~ 200.00,good(八成新),TI-84 Plus,place-1-library,考试用的图形计算工具 TI-84 Plus,TI-84 Plus,"设备完好,可当面检查。",good(八成新),200.00,ON_SALE,public,place-1-library,,,,,,,,
calculator-matching__103,dev,matching,想找 TI-84 Plus 图形计算器,calculator,100.00 ~ 200.00,good(八成新),TI-84 Plus,place-1-library,TI-83 计算器,OTHER-MODEL,"同类用品,具体型号与目标不同。",good(八成新),150.00,ON_SALE,public,place-1-library,,,,,,,,
calculator-matching__104,dev,matching,想找 TI-84 Plus 图形计算器,calculator,100.00 ~ 200.00,good(八成新),TI-84 Plus,place-1-library,TI-84 Plus 计算器,TI-84 Plus,"出售相同型号,价格见标价。",good(八成新),200.01,ON_SALE,public,place-1-library,,,,,,,,
calculator-matching__105,dev,matching,想找 TI-84 Plus 图形计算器,calculator,100.00 ~ 200.00,good(八成新),TI-84 Plus,place-1-library,TI-84 Plus 计算器,TI-84 Plus,"相同型号,已完成交易。",good(八成新),150.00,SOLD,public,place-1-library,,,,,,,,
calculator-matching__106,dev,matching,想找 TI-84 Plus 图形计算器,calculator,100.00 ~ 200.00,good(八成新),TI-84 Plus,place-1-library,TI-84 Plus 计算器,TI-84 Plus,请依据结构化状态核对资格。,good(八成新),150.00,SOLD,public,place-1-library,,,,,,,,
calculator-search-exact__101,dev,search,TI-84 Plus 计算器,calculator,100.00 ~ 200.00,,,,TI-84 Plus 计算器,TI-84 Plus,"功能正常,附带原装配件。",good(八成新),100.00,ON_SALE,public,place-1-library,,,,,,,,
calculator-search-exact__102,dev,search,TI-84 Plus 计算器,calculator,100.00 ~ 200.00,,,,考试用的图形计算工具 TI-84 Plus,TI-84 Plus,"设备完好,可当面检查。",good(八成新),200.00,ON_SALE,public,place-1-library,,,,,,,,
calculator-search-exact__103,dev,search,TI-84 Plus 计算器,calculator,100.00 ~ 200.00,,,,TI-83 计算器,OTHER-MODEL,"同类用品,具体型号与目标不同。",good(八成新),150.00,ON_SALE,public,place-1-library,,,,,,,,
calculator-search-exact__104,dev,search,TI-84 Plus 计算器,calculator,100.00 ~ 200.00,,,,TI-84 Plus 计算器,TI-84 Plus,"出售相同型号,价格见标价。",good(八成新),200.01,ON_SALE,public,place-1-library,,,,,,,,
calculator-search-exact__105,dev,search,TI-84 Plus 计算器,calculator,100.00 ~ 200.00,,,,TI-84 Plus 计算器,TI-84 Plus,"相同型号,已完成交易。",good(八成新),150.00,SOLD,public,place-1-library,,,,,,,,
calculator-search-exact__106,dev,search,TI-84 Plus 计算器,calculator,100.00 ~ 200.00,,,,TI-84 Plus 计算器,TI-84 Plus,请依据结构化状态核对资格。,good(八成新),150.00,SOLD,public,place-1-library,,,,,,,,
calculator-search-natural__101,dev,search,想找 TI-84 Plus 图形计算器,calculator,100.00 ~ 200.00,,,,TI-84 Plus 计算器,TI-84 Plus,"功能正常,附带原装配件。",good(八成新),100.00,ON_SALE,public,place-1-library,,,,,,,,
calculator-search-natural__102,dev,search,想找 TI-84 Plus 图形计算器,calculator,100.00 ~ 200.00,,,,考试用的图形计算工具 TI-84 Plus,TI-84 Plus,"设备完好,可当面检查。",good(八成新),200.00,ON_SALE,public,place-1-library,,,,,,,,
calculator-search-natural__103,dev,search,想找 TI-84 Plus 图形计算器,calculator,100.00 ~ 200.00,,,,TI-83 计算器,OTHER-MODEL,"同类用品,具体型号与目标不同。",good(八成新),150.00,ON_SALE,public,place-1-library,,,,,,,,
calculator-search-natural__104,dev,search,想找 TI-84 Plus 图形计算器,calculator,100.00 ~ 200.00,,,,TI-84 Plus 计算器,TI-84 Plus,"出售相同型号,价格见标价。",good(八成新),200.01,ON_SALE,public,place-1-library,,,,,,,,
calculator-search-natural__105,dev,search,想找 TI-84 Plus 图形计算器,calculator,100.00 ~ 200.00,,,,TI-84 Plus 计算器,TI-84 Plus,"相同型号,已完成交易。",good(八成新),150.00,SOLD,public,place-1-library,,,,,,,,
calculator-search-natural__106,dev,search,想找 TI-84 Plus 图形计算器,calculator,100.00 ~ 200.00,,,,TI-84 Plus 计算器,TI-84 Plus,请依据结构化状态核对资格。,good(八成新),150.00,SOLD,public,place-1-library,,,,,,,,
calculus-matching__401,test_candidate,matching,求同济第七版高数上册,calculus,10.00 ~ 50.00,good(八成新),同济高数7上,place-4-library,同济 高等数学 第七版 上册,同济高数7上,"功能正常,附带原装配件。",good(八成新),10.00,ON_SALE,public,place-4-library,,,,,,,,
calculus-matching__402,test_candidate,matching,求同济第七版高数上册,calculus,10.00 ~ 50.00,good(八成新),同济高数7上,place-4-library,同济七版高数上册教材,同济高数7上,"设备完好,可当面检查。",good(八成新),50.00,ON_SALE,public,place-4-library,,,,,,,,
calculus-matching__403,test_candidate,matching,求同济第七版高数上册,calculus,10.00 ~ 50.00,good(八成新),同济高数7上,place-4-library,同济 高等数学 第七版 下册,OTHER-MODEL,"同类用品,具体型号与目标不同。",good(八成新),30.00,ON_SALE,public,place-4-library,,,,,,,,
calculus-matching__404,test_candidate,matching,求同济第七版高数上册,calculus,10.00 ~ 50.00,good(八成新),同济高数7上,place-4-library,同济 高等数学 第七版 上册,同济高数7上,"出售相同型号,价格见标价。",good(八成新),50.01,ON_SALE,public,place-4-library,,,,,,,,
calculus-matching__405,test_candidate,matching,求同济第七版高数上册,calculus,10.00 ~ 50.00,good(八成新),同济高数7上,place-4-library,同济 高等数学 第七版 上册,同济高数7上,"相同型号,已完成交易。",good(八成新),30.00,SOLD,public,place-4-library,,,,,,,,
calculus-matching__406,test_candidate,matching,求同济第七版高数上册,calculus,10.00 ~ 50.00,good(八成新),同济高数7上,place-4-library,同济 高等数学 第七版 上册,同济高数7上,请依据结构化状态核对资格。,good(八成新),30.00,ON_SALE,campus,place-4-library,,,,,,,,
calculus-search-exact__401,test_candidate,search,同济 高等数学 第七版 上册,calculus,10.00 ~ 50.00,,,,同济 高等数学 第七版 上册,同济高数7上,"功能正常,附带原装配件。",good(八成新),10.00,ON_SALE,public,place-4-library,,,,,,,,
calculus-search-exact__402,test_candidate,search,同济 高等数学 第七版 上册,calculus,10.00 ~ 50.00,,,,同济七版高数上册教材,同济高数7上,"设备完好,可当面检查。",good(八成新),50.00,ON_SALE,public,place-4-library,,,,,,,,
calculus-search-exact__403,test_candidate,search,同济 高等数学 第七版 上册,calculus,10.00 ~ 50.00,,,,同济 高等数学 第七版 下册,OTHER-MODEL,"同类用品,具体型号与目标不同。",good(八成新),30.00,ON_SALE,public,place-4-library,,,,,,,,
calculus-search-exact__404,test_candidate,search,同济 高等数学 第七版 上册,calculus,10.00 ~ 50.00,,,,同济 高等数学 第七版 上册,同济高数7上,"出售相同型号,价格见标价。",good(八成新),50.01,ON_SALE,public,place-4-library,,,,,,,,
calculus-search-exact__405,test_candidate,search,同济 高等数学 第七版 上册,calculus,10.00 ~ 50.00,,,,同济 高等数学 第七版 上册,同济高数7上,"相同型号,已完成交易。",good(八成新),30.00,SOLD,public,place-4-library,,,,,,,,
calculus-search-exact__406,test_candidate,search,同济 高等数学 第七版 上册,calculus,10.00 ~ 50.00,,,,同济 高等数学 第七版 上册,同济高数7上,请依据结构化状态核对资格。,good(八成新),30.00,ON_SALE,campus,place-4-library,,,,,,,,
calculus-search-natural__401,test_candidate,search,求同济第七版高数上册,calculus,10.00 ~ 50.00,,,,同济 高等数学 第七版 上册,同济高数7上,"功能正常,附带原装配件。",good(八成新),10.00,ON_SALE,public,place-4-library,,,,,,,,
calculus-search-natural__402,test_candidate,search,求同济第七版高数上册,calculus,10.00 ~ 50.00,,,,同济七版高数上册教材,同济高数7上,"设备完好,可当面检查。",good(八成新),50.00,ON_SALE,public,place-4-library,,,,,,,,
calculus-search-natural__403,test_candidate,search,求同济第七版高数上册,calculus,10.00 ~ 50.00,,,,同济 高等数学 第七版 下册,OTHER-MODEL,"同类用品,具体型号与目标不同。",good(八成新),30.00,ON_SALE,public,place-4-library,,,,,,,,
calculus-search-natural__404,test_candidate,search,求同济第七版高数上册,calculus,10.00 ~ 50.00,,,,同济 高等数学 第七版 上册,同济高数7上,"出售相同型号,价格见标价。",good(八成新),50.01,ON_SALE,public,place-4-library,,,,,,,,
calculus-search-natural__405,test_candidate,search,求同济第七版高数上册,calculus,10.00 ~ 50.00,,,,同济 高等数学 第七版 上册,同济高数7上,"相同型号,已完成交易。",good(八成新),30.00,SOLD,public,place-4-library,,,,,,,,
calculus-search-natural__406,test_candidate,search,求同济第七版高数上册,calculus,10.00 ~ 50.00,,,,同济 高等数学 第七版 上册,同济高数7上,请依据结构化状态核对资格。,good(八成新),30.00,ON_SALE,campus,place-4-library,,,,,,,,
camera-matching__801,dev,matching,想买佳能 EOS 200D 练习摄影,camera,1500.00 ~ 2300.00,good(八成新),EOS 200D,place-8-library,佳能 EOS 200D 相机,EOS 200D,"功能正常,附带原装配件。",good(八成新),1500.00,ON_SALE,public,place-8-library,,,,,,,,
camera-matching__802,dev,matching,想买佳能 EOS 200D 练习摄影,camera,1500.00 ~ 2300.00,good(八成新),EOS 200D,place-8-library,佳能 200D 入门单反机身,EOS 200D,"设备完好,可当面检查。",good(八成新),2300.00,ON_SALE,public,place-8-library,,,,,,,,
camera-matching__803,dev,matching,想买佳能 EOS 200D 练习摄影,camera,1500.00 ~ 2300.00,good(八成新),EOS 200D,place-8-library,佳能 EOS 250D 相机,OTHER-MODEL,"同类用品,具体型号与目标不同。",good(八成新),1900.00,ON_SALE,public,place-8-library,,,,,,,,
camera-matching__804,dev,matching,想买佳能 EOS 200D 练习摄影,camera,1500.00 ~ 2300.00,good(八成新),EOS 200D,place-8-library,佳能 EOS 200D 相机,EOS 200D,"出售相同型号,价格见标价。",good(八成新),2300.01,ON_SALE,public,place-8-library,,,,,,,,
camera-matching__805,dev,matching,想买佳能 EOS 200D 练习摄影,camera,1500.00 ~ 2300.00,good(八成新),EOS 200D,place-8-library,佳能 EOS 200D 相机,EOS 200D,"相同型号,已完成交易。",good(八成新),1900.00,SOLD,public,place-8-library,,,,,,,,
camera-matching__806,dev,matching,想买佳能 EOS 200D 练习摄影,camera,1500.00 ~ 2300.00,good(八成新),EOS 200D,place-8-library,佳能 EOS 200D 相机,EOS 200D,请依据结构化状态核对资格。,good(八成新),1900.00,RESERVED,public,place-8-library,,,,,,,,
camera-matching-no-answer__801,dev,matching,想买佳能 EOS 200D 练习摄影,camera,0.00 ~ 0.00,good(八成新),EOS 200D,place-8-library,佳能 EOS 200D 相机,EOS 200D,"功能正常,附带原装配件。",good(八成新),1500.00,ON_SALE,public,place-8-library,,,,,,,,
camera-matching-no-answer__802,dev,matching,想买佳能 EOS 200D 练习摄影,camera,0.00 ~ 0.00,good(八成新),EOS 200D,place-8-library,佳能 200D 入门单反机身,EOS 200D,"设备完好,可当面检查。",good(八成新),2300.00,ON_SALE,public,place-8-library,,,,,,,,
camera-matching-no-answer__803,dev,matching,想买佳能 EOS 200D 练习摄影,camera,0.00 ~ 0.00,good(八成新),EOS 200D,place-8-library,佳能 EOS 250D 相机,OTHER-MODEL,"同类用品,具体型号与目标不同。",good(八成新),1900.00,ON_SALE,public,place-8-library,,,,,,,,
camera-matching-no-answer__804,dev,matching,想买佳能 EOS 200D 练习摄影,camera,0.00 ~ 0.00,good(八成新),EOS 200D,place-8-library,佳能 EOS 200D 相机,EOS 200D,"出售相同型号,价格见标价。",good(八成新),2300.01,ON_SALE,public,place-8-library,,,,,,,,
camera-matching-no-answer__805,dev,matching,想买佳能 EOS 200D 练习摄影,camera,0.00 ~ 0.00,good(八成新),EOS 200D,place-8-library,佳能 EOS 200D 相机,EOS 200D,"相同型号,已完成交易。",good(八成新),1900.00,SOLD,public,place-8-library,,,,,,,,
camera-matching-no-answer__806,dev,matching,想买佳能 EOS 200D 练习摄影,camera,0.00 ~ 0.00,good(八成新),EOS 200D,place-8-library,佳能 EOS 200D 相机,EOS 200D,请依据结构化状态核对资格。,good(八成新),1900.00,RESERVED,public,place-8-library,,,,,,,,
camera-search-exact__801,dev,search,佳能 EOS 200D 相机,camera,1500.00 ~ 2300.00,,,,佳能 EOS 200D 相机,EOS 200D,"功能正常,附带原装配件。",good(八成新),1500.00,ON_SALE,public,place-8-library,,,,,,,,
camera-search-exact__802,dev,search,佳能 EOS 200D 相机,camera,1500.00 ~ 2300.00,,,,佳能 200D 入门单反机身,EOS 200D,"设备完好,可当面检查。",good(八成新),2300.00,ON_SALE,public,place-8-library,,,,,,,,
camera-search-exact__803,dev,search,佳能 EOS 200D 相机,camera,1500.00 ~ 2300.00,,,,佳能 EOS 250D 相机,OTHER-MODEL,"同类用品,具体型号与目标不同。",good(八成新),1900.00,ON_SALE,public,place-8-library,,,,,,,,
camera-search-exact__804,dev,search,佳能 EOS 200D 相机,camera,1500.00 ~ 2300.00,,,,佳能 EOS 200D 相机,EOS 200D,"出售相同型号,价格见标价。",good(八成新),2300.01,ON_SALE,public,place-8-library,,,,,,,,
camera-search-exact__805,dev,search,佳能 EOS 200D 相机,camera,1500.00 ~ 2300.00,,,,佳能 EOS 200D 相机,EOS 200D,"相同型号,已完成交易。",good(八成新),1900.00,SOLD,public,place-8-library,,,,,,,,
camera-search-exact__806,dev,search,佳能 EOS 200D 相机,camera,1500.00 ~ 2300.00,,,,佳能 EOS 200D 相机,EOS 200D,请依据结构化状态核对资格。,good(八成新),1900.00,RESERVED,public,place-8-library,,,,,,,,
camera-search-natural__801,dev,search,想买佳能 EOS 200D 练习摄影,camera,1500.00 ~ 2300.00,,,,佳能 EOS 200D 相机,EOS 200D,"功能正常,附带原装配件。",good(八成新),1500.00,ON_SALE,public,place-8-library,,,,,,,,
camera-search-natural__802,dev,search,想买佳能 EOS 200D 练习摄影,camera,1500.00 ~ 2300.00,,,,佳能 200D 入门单反机身,EOS 200D,"设备完好,可当面检查。",good(八成新),2300.00,ON_SALE,public,place-8-library,,,,,,,,
camera-search-natural__803,dev,search,想买佳能 EOS 200D 练习摄影,camera,1500.00 ~ 2300.00,,,,佳能 EOS 250D 相机,OTHER-MODEL,"同类用品,具体型号与目标不同。",good(八成新),1900.00,ON_SALE,public,place-8-library,,,,,,,,
camera-search-natural__804,dev,search,想买佳能 EOS 200D 练习摄影,camera,1500.00 ~ 2300.00,,,,佳能 EOS 200D 相机,EOS 200D,"出售相同型号,价格见标价。",good(八成新),2300.01,ON_SALE,public,place-8-library,,,,,,,,
camera-search-natural__805,dev,search,想买佳能 EOS 200D 练习摄影,camera,1500.00 ~ 2300.00,,,,佳能 EOS 200D 相机,EOS 200D,"相同型号,已完成交易。",good(八成新),1900.00,SOLD,public,place-8-library,,,,,,,,
camera-search-natural__806,dev,search,想买佳能 EOS 200D 练习摄影,camera,1500.00 ~ 2300.00,,,,佳能 EOS 200D 相机,EOS 200D,请依据结构化状态核对资格。,good(八成新),1900.00,RESERVED,public,place-8-library,,,,,,,,
fan-matching__601,dev,matching,宿舍想用美的 SAD35 落地扇,fan,30.00 ~ 100.00,good(八成新),SAD35,place-6-library,美的 SAD35 电风扇,SAD35,"功能正常,附带原装配件。",good(八成新),30.00,ON_SALE,public,place-6-library,,,,,,,,
fan-matching__602,dev,matching,宿舍想用美的 SAD35 落地扇,fan,30.00 ~ 100.00,good(八成新),SAD35,place-6-library,美的 SAD35 宿舍落地扇,SAD35,"设备完好,可当面检查。",good(八成新),100.00,ON_SALE,public,place-6-library,,,,,,,,
fan-matching__603,dev,matching,宿舍想用美的 SAD35 落地扇,fan,30.00 ~ 100.00,good(八成新),SAD35,place-6-library,美的 F10 桌面风扇,OTHER-MODEL,"同类用品,具体型号与目标不同。",good(八成新),65.00,ON_SALE,public,place-6-library,,,,,,,,
fan-matching__604,dev,matching,宿舍想用美的 SAD35 落地扇,fan,30.00 ~ 100.00,good(八成新),SAD35,place-6-library,美的 SAD35 电风扇,SAD35,"出售相同型号,价格见标价。",good(八成新),100.01,ON_SALE,public,place-6-library,,,,,,,,
fan-matching__605,dev,matching,宿舍想用美的 SAD35 落地扇,fan,30.00 ~ 100.00,good(八成新),SAD35,place-6-library,美的 SAD35 电风扇,SAD35,"相同型号,已完成交易。",good(八成新),65.00,SOLD,public,place-6-library,,,,,,,,
fan-matching__606,dev,matching,宿舍想用美的 SAD35 落地扇,fan,30.00 ~ 100.00,good(八成新),SAD35,place-6-library,美的 SAD35 电风扇,SAD35,请依据结构化状态核对资格。,good(八成新),65.00,ON_SALE,public,place-6-dormitory,,,,,,,,
fan-search-exact__601,dev,search,美的 SAD35 电风扇,fan,30.00 ~ 100.00,,,,美的 SAD35 电风扇,SAD35,"功能正常,附带原装配件。",good(八成新),30.00,ON_SALE,public,place-6-library,,,,,,,,
fan-search-exact__602,dev,search,美的 SAD35 电风扇,fan,30.00 ~ 100.00,,,,美的 SAD35 宿舍落地扇,SAD35,"设备完好,可当面检查。",good(八成新),100.00,ON_SALE,public,place-6-library,,,,,,,,
fan-search-exact__603,dev,search,美的 SAD35 电风扇,fan,30.00 ~ 100.00,,,,美的 F10 桌面风扇,OTHER-MODEL,"同类用品,具体型号与目标不同。",good(八成新),65.00,ON_SALE,public,place-6-library,,,,,,,,
fan-search-exact__604,dev,search,美的 SAD35 电风扇,fan,30.00 ~ 100.00,,,,美的 SAD35 电风扇,SAD35,"出售相同型号,价格见标价。",good(八成新),100.01,ON_SALE,public,place-6-library,,,,,,,,
fan-search-exact__605,dev,search,美的 SAD35 电风扇,fan,30.00 ~ 100.00,,,,美的 SAD35 电风扇,SAD35,"相同型号,已完成交易。",good(八成新),65.00,SOLD,public,place-6-library,,,,,,,,
fan-search-exact__606,dev,search,美的 SAD35 电风扇,fan,30.00 ~ 100.00,,,,美的 SAD35 电风扇,SAD35,请依据结构化状态核对资格。,good(八成新),65.00,ON_SALE,public,place-6-dormitory,,,,,,,,
fan-search-natural__601,dev,search,宿舍想用美的 SAD35 落地扇,fan,30.00 ~ 100.00,,,,美的 SAD35 电风扇,SAD35,"功能正常,附带原装配件。",good(八成新),30.00,ON_SALE,public,place-6-library,,,,,,,,
fan-search-natural__602,dev,search,宿舍想用美的 SAD35 落地扇,fan,30.00 ~ 100.00,,,,美的 SAD35 宿舍落地扇,SAD35,"设备完好,可当面检查。",good(八成新),100.00,ON_SALE,public,place-6-library,,,,,,,,
fan-search-natural__603,dev,search,宿舍想用美的 SAD35 落地扇,fan,30.00 ~ 100.00,,,,美的 F10 桌面风扇,OTHER-MODEL,"同类用品,具体型号与目标不同。",good(八成新),65.00,ON_SALE,public,place-6-library,,,,,,,,
fan-search-natural__604,dev,search,宿舍想用美的 SAD35 落地扇,fan,30.00 ~ 100.00,,,,美的 SAD35 电风扇,SAD35,"出售相同型号,价格见标价。",good(八成新),100.01,ON_SALE,public,place-6-library,,,,,,,,
fan-search-natural__605,dev,search,宿舍想用美的 SAD35 落地扇,fan,30.00 ~ 100.00,,,,美的 SAD35 电风扇,SAD35,"相同型号,已完成交易。",good(八成新),65.00,SOLD,public,place-6-library,,,,,,,,
fan-search-natural__606,dev,search,宿舍想用美的 SAD35 落地扇,fan,30.00 ~ 100.00,,,,美的 SAD35 电风扇,SAD35,请依据结构化状态核对资格。,good(八成新),65.00,ON_SALE,public,place-6-dormitory,,,,,,,,
guitar-matching__1101,dev,matching,初学想收雅马哈 F310 民谣吉他,guitar,300.00 ~ 600.00,good(八成新),F310,place-11-library,雅马哈 F310 吉他,F310,"功能正常,附带原装配件。",good(八成新),300.00,ON_SALE,public,place-11-library,,,,,,,,
guitar-matching__1102,dev,matching,初学想收雅马哈 F310 民谣吉他,guitar,300.00 ~ 600.00,good(八成新),F310,place-11-library,雅马哈 F310 入门民谣琴,F310,"设备完好,可当面检查。",good(八成新),600.00,ON_SALE,public,place-11-library,,,,,,,,
guitar-matching__1103,dev,matching,初学想收雅马哈 F310 民谣吉他,guitar,300.00 ~ 600.00,good(八成新),F310,place-11-library,雅马哈 C40 古典吉他,OTHER-MODEL,"同类用品,具体型号与目标不同。",good(八成新),450.00,ON_SALE,public,place-11-library,,,,,,,,
guitar-matching__1104,dev,matching,初学想收雅马哈 F310 民谣吉他,guitar,300.00 ~ 600.00,good(八成新),F310,place-11-library,雅马哈 F310 吉他,F310,"出售相同型号,价格见标价。",good(八成新),600.01,ON_SALE,public,place-11-library,,,,,,,,
guitar-matching__1105,dev,matching,初学想收雅马哈 F310 民谣吉他,guitar,300.00 ~ 600.00,good(八成新),F310,place-11-library,雅马哈 F310 吉他,F310,"相同型号,已完成交易。",good(八成新),450.00,SOLD,public,place-11-library,,,,,,,,
guitar-matching__1106,dev,matching,初学想收雅马哈 F310 民谣吉他,guitar,300.00 ~ 600.00,good(八成新),F310,place-11-library,雅马哈 F310 吉他,F310,请依据结构化状态核对资格。,fair(七成新),450.00,ON_SALE,public,place-11-library,,,,,,,,
guitar-search-exact__1101,dev,search,雅马哈 F310 吉他,guitar,300.00 ~ 600.00,,,,雅马哈 F310 吉他,F310,"功能正常,附带原装配件。",good(八成新),300.00,ON_SALE,public,place-11-library,,,,,,,,
guitar-search-exact__1102,dev,search,雅马哈 F310 吉他,guitar,300.00 ~ 600.00,,,,雅马哈 F310 入门民谣琴,F310,"设备完好,可当面检查。",good(八成新),600.00,ON_SALE,public,place-11-library,,,,,,,,
guitar-search-exact__1103,dev,search,雅马哈 F310 吉他,guitar,300.00 ~ 600.00,,,,雅马哈 C40 古典吉他,OTHER-MODEL,"同类用品,具体型号与目标不同。",good(八成新),450.00,ON_SALE,public,place-11-library,,,,,,,,
guitar-search-exact__1104,dev,search,雅马哈 F310 吉他,guitar,300.00 ~ 600.00,,,,雅马哈 F310 吉他,F310,"出售相同型号,价格见标价。",good(八成新),600.01,ON_SALE,public,place-11-library,,,,,,,,
guitar-search-exact__1105,dev,search,雅马哈 F310 吉他,guitar,300.00 ~ 600.00,,,,雅马哈 F310 吉他,F310,"相同型号,已完成交易。",good(八成新),450.00,SOLD,public,place-11-library,,,,,,,,
guitar-search-exact__1106,dev,search,雅马哈 F310 吉他,guitar,300.00 ~ 600.00,,,,雅马哈 F310 吉他,F310,请依据结构化状态核对资格。,fair(七成新),450.00,ON_SALE,public,place-11-library,,,,,,,,
guitar-search-natural__1101,dev,search,初学想收雅马哈 F310 民谣吉他,guitar,300.00 ~ 600.00,,,,雅马哈 F310 吉他,F310,"功能正常,附带原装配件。",good(八成新),300.00,ON_SALE,public,place-11-library,,,,,,,,
guitar-search-natural__1102,dev,search,初学想收雅马哈 F310 民谣吉他,guitar,300.00 ~ 600.00,,,,雅马哈 F310 入门民谣琴,F310,"设备完好,可当面检查。",good(八成新),600.00,ON_SALE,public,place-11-library,,,,,,,,
guitar-search-natural__1103,dev,search,初学想收雅马哈 F310 民谣吉他,guitar,300.00 ~ 600.00,,,,雅马哈 C40 古典吉他,OTHER-MODEL,"同类用品,具体型号与目标不同。",good(八成新),450.00,ON_SALE,public,place-11-library,,,,,,,,
guitar-search-natural__1104,dev,search,初学想收雅马哈 F310 民谣吉他,guitar,300.00 ~ 600.00,,,,雅马哈 F310 吉他,F310,"出售相同型号,价格见标价。",good(八成新),600.01,ON_SALE,public,place-11-library,,,,,,,,
guitar-search-natural__1105,dev,search,初学想收雅马哈 F310 民谣吉他,guitar,300.00 ~ 600.00,,,,雅马哈 F310 吉他,F310,"相同型号,已完成交易。",good(八成新),450.00,SOLD,public,place-11-library,,,,,,,,
guitar-search-natural__1106,dev,search,初学想收雅马哈 F310 民谣吉他,guitar,300.00 ~ 600.00,,,,雅马哈 F310 吉他,F310,请依据结构化状态核对资格。,fair(七成新),450.00,ON_SALE,public,place-11-library,,,,,,,,
headphones-matching__901,dev,matching,想买索尼 WH-1000XM4 降噪耳机,headphones,500.00 ~ 900.00,good(八成新),WH-1000XM4,place-9-library,索尼 WH-1000XM4 耳机,WH-1000XM4,"功能正常,附带原装配件。",good(八成新),500.00,ON_SALE,public,place-9-library,,,,,,,,
headphones-matching__902,dev,matching,想买索尼 WH-1000XM4 降噪耳机,headphones,500.00 ~ 900.00,good(八成新),WH-1000XM4,place-9-library,索尼 WH-1000XM4 头戴降噪耳机,WH-1000XM4,"设备完好,可当面检查。",good(八成新),900.00,ON_SALE,public,place-9-library,,,,,,,,
headphones-matching__903,dev,matching,想买索尼 WH-1000XM4 降噪耳机,headphones,500.00 ~ 900.00,good(八成新),WH-1000XM4,place-9-library,索尼 WH-1000XM3 耳机,OTHER-MODEL,"同类用品,具体型号与目标不同。",good(八成新),700.00,ON_SALE,public,place-9-library,,,,,,,,
headphones-matching__904,dev,matching,想买索尼 WH-1000XM4 降噪耳机,headphones,500.00 ~ 900.00,good(八成新),WH-1000XM4,place-9-library,索尼 WH-1000XM4 耳机,WH-1000XM4,"出售相同型号,价格见标价。",good(八成新),900.01,ON_SALE,public,place-9-library,,,,,,,,
headphones-matching__905,dev,matching,想买索尼 WH-1000XM4 降噪耳机,headphones,500.00 ~ 900.00,good(八成新),WH-1000XM4,place-9-library,索尼 WH-1000XM4 耳机,WH-1000XM4,"相同型号,已完成交易。",good(八成新),700.00,SOLD,public,place-9-library,,,,,,,,
headphones-matching__906,dev,matching,想买索尼 WH-1000XM4 降噪耳机,headphones,500.00 ~ 900.00,good(八成新),WH-1000XM4,place-9-library,索尼 WH-1000XM4 耳机,WH-1000XM4,请依据结构化状态核对资格。,good(八成新),700.00,ON_SALE,public,place-9-library,,,,,,,,
headphones-search-exact__901,dev,search,索尼 WH-1000XM4 耳机,headphones,500.00 ~ 900.00,,,,索尼 WH-1000XM4 耳机,WH-1000XM4,"功能正常,附带原装配件。",good(八成新),500.00,ON_SALE,public,place-9-library,,,,,,,,
headphones-search-exact__902,dev,search,索尼 WH-1000XM4 耳机,headphones,500.00 ~ 900.00,,,,索尼 WH-1000XM4 头戴降噪耳机,WH-1000XM4,"设备完好,可当面检查。",good(八成新),900.00,ON_SALE,public,place-9-library,,,,,,,,
headphones-search-exact__903,dev,search,索尼 WH-1000XM4 耳机,headphones,500.00 ~ 900.00,,,,索尼 WH-1000XM3 耳机,OTHER-MODEL,"同类用品,具体型号与目标不同。",good(八成新),700.00,ON_SALE,public,place-9-library,,,,,,,,
headphones-search-exact__904,dev,search,索尼 WH-1000XM4 耳机,headphones,500.00 ~ 900.00,,,,索尼 WH-1000XM4 耳机,WH-1000XM4,"出售相同型号,价格见标价。",good(八成新),900.01,ON_SALE,public,place-9-library,,,,,,,,
headphones-search-exact__905,dev,search,索尼 WH-1000XM4 耳机,headphones,500.00 ~ 900.00,,,,索尼 WH-1000XM4 耳机,WH-1000XM4,"相同型号,已完成交易。",good(八成新),700.00,SOLD,public,place-9-library,,,,,,,,
headphones-search-exact__906,dev,search,索尼 WH-1000XM4 耳机,headphones,500.00 ~ 900.00,,,,索尼 WH-1000XM4 耳机,WH-1000XM4,请依据结构化状态核对资格。,good(八成新),700.00,ON_SALE,public,place-9-library,,,,,,,,
headphones-search-natural__901,dev,search,想买索尼 WH-1000XM4 降噪耳机,headphones,500.00 ~ 900.00,,,,索尼 WH-1000XM4 耳机,WH-1000XM4,"功能正常,附带原装配件。",good(八成新),500.00,ON_SALE,public,place-9-library,,,,,,,,
headphones-search-natural__902,dev,search,想买索尼 WH-1000XM4 降噪耳机,headphones,500.00 ~ 900.00,,,,索尼 WH-1000XM4 头戴降噪耳机,WH-1000XM4,"设备完好,可当面检查。",good(八成新),900.00,ON_SALE,public,place-9-library,,,,,,,,
headphones-search-natural__903,dev,search,想买索尼 WH-1000XM4 降噪耳机,headphones,500.00 ~ 900.00,,,,索尼 WH-1000XM3 耳机,OTHER-MODEL,"同类用品,具体型号与目标不同。",good(八成新),700.00,ON_SALE,public,place-9-library,,,,,,,,
headphones-search-natural__904,dev,search,想买索尼 WH-1000XM4 降噪耳机,headphones,500.00 ~ 900.00,,,,索尼 WH-1000XM4 耳机,WH-1000XM4,"出售相同型号,价格见标价。",good(八成新),900.01,ON_SALE,public,place-9-library,,,,,,,,
headphones-search-natural__905,dev,search,想买索尼 WH-1000XM4 降噪耳机,headphones,500.00 ~ 900.00,,,,索尼 WH-1000XM4 耳机,WH-1000XM4,"相同型号,已完成交易。",good(八成新),700.00,SOLD,public,place-9-library,,,,,,,,
headphones-search-natural__906,dev,search,想买索尼 WH-1000XM4 降噪耳机,headphones,500.00 ~ 900.00,,,,索尼 WH-1000XM4 耳机,WH-1000XM4,请依据结构化状态核对资格。,good(八成新),700.00,ON_SALE,public,place-9-library,,,,,,,,
keyboard-matching__501,test_candidate,matching,想收罗技 K380 便携键盘,keyboard,50.00 ~ 150.00,good(八成新),K380,place-5-library,罗技 K380 蓝牙键盘,K380,"功能正常,附带原装配件。",good(八成新),50.00,ON_SALE,public,place-5-library,,,,,,,,
keyboard-matching__502,test_candidate,matching,想收罗技 K380 便携键盘,keyboard,50.00 ~ 150.00,good(八成新),K380,place-5-library,罗技 K380 便携多设备打字键盘,K380,"设备完好,可当面检查。",good(八成新),150.00,ON_SALE,public,place-5-library,,,,,,,,
keyboard-matching__503,test_candidate,matching,想收罗技 K380 便携键盘,keyboard,50.00 ~ 150.00,good(八成新),K380,place-5-library,罗技 K480 键盘,OTHER-MODEL,"同类用品,具体型号与目标不同。",good(八成新),100.00,ON_SALE,public,place-5-library,,,,,,,,
keyboard-matching__504,test_candidate,matching,想收罗技 K380 便携键盘,keyboard,50.00 ~ 150.00,good(八成新),K380,place-5-library,罗技 K380 蓝牙键盘,K380,"出售相同型号,价格见标价。",good(八成新),150.01,ON_SALE,public,place-5-library,,,,,,,,
keyboard-matching__505,test_candidate,matching,想收罗技 K380 便携键盘,keyboard,50.00 ~ 150.00,good(八成新),K380,place-5-library,罗技 K380 蓝牙键盘,K380,"相同型号,已完成交易。",good(八成新),100.00,SOLD,public,place-5-library,,,,,,,,
keyboard-matching__506,test_candidate,matching,想收罗技 K380 便携键盘,keyboard,50.00 ~ 150.00,good(八成新),K380,place-5-library,罗技 K380 蓝牙键盘,K380,请依据结构化状态核对资格。,good(八成新),100.00,ON_SALE,public,place-5-library,,,,,,,,
keyboard-search-exact__501,test_candidate,search,罗技 K380 蓝牙键盘,keyboard,50.00 ~ 150.00,,,,罗技 K380 蓝牙键盘,K380,"功能正常,附带原装配件。",good(八成新),50.00,ON_SALE,public,place-5-library,,,,,,,,
keyboard-search-exact__502,test_candidate,search,罗技 K380 蓝牙键盘,keyboard,50.00 ~ 150.00,,,,罗技 K380 便携多设备打字键盘,K380,"设备完好,可当面检查。",good(八成新),150.00,ON_SALE,public,place-5-library,,,,,,,,
keyboard-search-exact__503,test_candidate,search,罗技 K380 蓝牙键盘,keyboard,50.00 ~ 150.00,,,,罗技 K480 键盘,OTHER-MODEL,"同类用品,具体型号与目标不同。",good(八成新),100.00,ON_SALE,public,place-5-library,,,,,,,,
keyboard-search-exact__504,test_candidate,search,罗技 K380 蓝牙键盘,keyboard,50.00 ~ 150.00,,,,罗技 K380 蓝牙键盘,K380,"出售相同型号,价格见标价。",good(八成新),150.01,ON_SALE,public,place-5-library,,,,,,,,
keyboard-search-exact__505,test_candidate,search,罗技 K380 蓝牙键盘,keyboard,50.00 ~ 150.00,,,,罗技 K380 蓝牙键盘,K380,"相同型号,已完成交易。",good(八成新),100.00,SOLD,public,place-5-library,,,,,,,,
keyboard-search-exact__506,test_candidate,search,罗技 K380 蓝牙键盘,keyboard,50.00 ~ 150.00,,,,罗技 K380 蓝牙键盘,K380,请依据结构化状态核对资格。,good(八成新),100.00,ON_SALE,public,place-5-library,,,,,,,,
keyboard-search-natural__501,test_candidate,search,想收罗技 K380 便携键盘,keyboard,50.00 ~ 150.00,,,,罗技 K380 蓝牙键盘,K380,"功能正常,附带原装配件。",good(八成新),50.00,ON_SALE,public,place-5-library,,,,,,,,
keyboard-search-natural__502,test_candidate,search,想收罗技 K380 便携键盘,keyboard,50.00 ~ 150.00,,,,罗技 K380 便携多设备打字键盘,K380,"设备完好,可当面检查。",good(八成新),150.00,ON_SALE,public,place-5-library,,,,,,,,
keyboard-search-natural__503,test_candidate,search,想收罗技 K380 便携键盘,keyboard,50.00 ~ 150.00,,,,罗技 K480 键盘,OTHER-MODEL,"同类用品,具体型号与目标不同。",good(八成新),100.00,ON_SALE,public,place-5-library,,,,,,,,
keyboard-search-natural__504,test_candidate,search,想收罗技 K380 便携键盘,keyboard,50.00 ~ 150.00,,,,罗技 K380 蓝牙键盘,K380,"出售相同型号,价格见标价。",good(八成新),150.01,ON_SALE,public,place-5-library,,,,,,,,
keyboard-search-natural__505,test_candidate,search,想收罗技 K380 便携键盘,keyboard,50.00 ~ 150.00,,,,罗技 K380 蓝牙键盘,K380,"相同型号,已完成交易。",good(八成新),100.00,SOLD,public,place-5-library,,,,,,,,
keyboard-search-natural__506,test_candidate,search,想收罗技 K380 便携键盘,keyboard,50.00 ~ 150.00,,,,罗技 K380 蓝牙键盘,K380,请依据结构化状态核对资格。,good(八成新),100.00,ON_SALE,public,place-5-library,,,,,,,,
lamp-matching__701,dev,matching,想要飞利浦轩坦阅读台灯,lamp,0.00 ~ 120.00,good(八成新),轩坦,place-7-library,飞利浦 轩坦 台灯,轩坦,"功能正常,附带原装配件。",good(八成新),0.00,ON_SALE,public,place-7-library,,,,,,,,
lamp-matching__702,dev,matching,想要飞利浦轩坦阅读台灯,lamp,0.00 ~ 120.00,good(八成新),轩坦,place-7-library,飞利浦轩坦书桌阅读灯,轩坦,"设备完好,可当面检查。",good(八成新),120.00,ON_SALE,public,place-7-library,,,,,,,,
lamp-matching__703,dev,matching,想要飞利浦轩坦阅读台灯,lamp,0.00 ~ 120.00,good(八成新),轩坦,place-7-library,飞利浦悦恒吸顶灯,OTHER-MODEL,"同类用品,具体型号与目标不同。",good(八成新),60.00,ON_SALE,public,place-7-library,,,,,,,,
lamp-matching__704,dev,matching,想要飞利浦轩坦阅读台灯,lamp,0.00 ~ 120.00,good(八成新),轩坦,place-7-library,飞利浦 轩坦 台灯,轩坦,"出售相同型号,价格见标价。",good(八成新),120.01,ON_SALE,public,place-7-library,,,,,,,,
lamp-matching__705,dev,matching,想要飞利浦轩坦阅读台灯,lamp,0.00 ~ 120.00,good(八成新),轩坦,place-7-library,飞利浦 轩坦 台灯,轩坦,"相同型号,已完成交易。",good(八成新),60.00,SOLD,public,place-7-library,,,,,,,,
lamp-matching__706,dev,matching,想要飞利浦轩坦阅读台灯,lamp,0.00 ~ 120.00,good(八成新),轩坦,place-7-library,飞利浦 轩坦 台灯,轩坦,请依据结构化状态核对资格。,,60.00,ON_SALE,public,place-7-library,,,,,,,,
lamp-search-exact__701,dev,search,飞利浦 轩坦 台灯,lamp,0.00 ~ 120.00,,,,飞利浦 轩坦 台灯,轩坦,"功能正常,附带原装配件。",good(八成新),0.00,ON_SALE,public,place-7-library,,,,,,,,
lamp-search-exact__702,dev,search,飞利浦 轩坦 台灯,lamp,0.00 ~ 120.00,,,,飞利浦轩坦书桌阅读灯,轩坦,"设备完好,可当面检查。",good(八成新),120.00,ON_SALE,public,place-7-library,,,,,,,,
lamp-search-exact__703,dev,search,飞利浦 轩坦 台灯,lamp,0.00 ~ 120.00,,,,飞利浦悦恒吸顶灯,OTHER-MODEL,"同类用品,具体型号与目标不同。",good(八成新),60.00,ON_SALE,public,place-7-library,,,,,,,,
lamp-search-exact__704,dev,search,飞利浦 轩坦 台灯,lamp,0.00 ~ 120.00,,,,飞利浦 轩坦 台灯,轩坦,"出售相同型号,价格见标价。",good(八成新),120.01,ON_SALE,public,place-7-library,,,,,,,,
lamp-search-exact__705,dev,search,飞利浦 轩坦 台灯,lamp,0.00 ~ 120.00,,,,飞利浦 轩坦 台灯,轩坦,"相同型号,已完成交易。",good(八成新),60.00,SOLD,public,place-7-library,,,,,,,,
lamp-search-exact__706,dev,search,飞利浦 轩坦 台灯,lamp,0.00 ~ 120.00,,,,飞利浦 轩坦 台灯,轩坦,请依据结构化状态核对资格。,,60.00,ON_SALE,public,place-7-library,,,,,,,,
lamp-search-natural__701,dev,search,想要飞利浦轩坦阅读台灯,lamp,0.00 ~ 120.00,,,,飞利浦 轩坦 台灯,轩坦,"功能正常,附带原装配件。",good(八成新),0.00,ON_SALE,public,place-7-library,,,,,,,,
lamp-search-natural__702,dev,search,想要飞利浦轩坦阅读台灯,lamp,0.00 ~ 120.00,,,,飞利浦轩坦书桌阅读灯,轩坦,"设备完好,可当面检查。",good(八成新),120.00,ON_SALE,public,place-7-library,,,,,,,,
lamp-search-natural__703,dev,search,想要飞利浦轩坦阅读台灯,lamp,0.00 ~ 120.00,,,,飞利浦悦恒吸顶灯,OTHER-MODEL,"同类用品,具体型号与目标不同。",good(八成新),60.00,ON_SALE,public,place-7-library,,,,,,,,
lamp-search-natural__704,dev,search,想要飞利浦轩坦阅读台灯,lamp,0.00 ~ 120.00,,,,飞利浦 轩坦 台灯,轩坦,"出售相同型号,价格见标价。",good(八成新),120.01,ON_SALE,public,place-7-library,,,,,,,,
lamp-search-natural__705,dev,search,想要飞利浦轩坦阅读台灯,lamp,0.00 ~ 120.00,,,,飞利浦 轩坦 台灯,轩坦,"相同型号,已完成交易。",good(八成新),60.00,SOLD,public,place-7-library,,,,,,,,
lamp-search-natural__706,dev,search,想要飞利浦轩坦阅读台灯,lamp,0.00 ~ 120.00,,,,飞利浦 轩坦 台灯,轩坦,请依据结构化状态核对资格。,,60.00,ON_SALE,public,place-7-library,,,,,,,,
monitor-matching__201,dev,matching,想收戴尔 P2422H 办公屏幕,monitor,400.00 ~ 700.00,good(八成新),P2422H,place-2-library,戴尔 P2422H 显示器,P2422H,"功能正常,附带原装配件。",good(八成新),400.00,ON_SALE,public,place-2-library,,,,,,,,
monitor-matching__202,dev,matching,想收戴尔 P2422H 办公屏幕,monitor,400.00 ~ 700.00,good(八成新),P2422H,place-2-library,戴尔 P2422H 二十四英寸办公屏幕,P2422H,"设备完好,可当面检查。",good(八成新),700.00,ON_SALE,public,place-2-library,,,,,,,,
monitor-matching__203,dev,matching,想收戴尔 P2422H 办公屏幕,monitor,400.00 ~ 700.00,good(八成新),P2422H,place-2-library,戴尔 P2419H 显示器,OTHER-MODEL,"同类用品,具体型号与目标不同。",good(八成新),550.00,ON_SALE,public,place-2-library,,,,,,,,
monitor-matching__204,dev,matching,想收戴尔 P2422H 办公屏幕,monitor,400.00 ~ 700.00,good(八成新),P2422H,place-2-library,戴尔 P2422H 显示器,P2422H,"出售相同型号,价格见标价。",good(八成新),700.01,ON_SALE,public,place-2-library,,,,,,,,
monitor-matching__205,dev,matching,想收戴尔 P2422H 办公屏幕,monitor,400.00 ~ 700.00,good(八成新),P2422H,place-2-library,戴尔 P2422H 显示器,P2422H,"相同型号,已完成交易。",good(八成新),550.00,SOLD,public,place-2-library,,,,,,,,
monitor-matching__206,dev,matching,想收戴尔 P2422H 办公屏幕,monitor,400.00 ~ 700.00,good(八成新),P2422H,place-2-library,戴尔 P2422H 显示器,P2422H,请依据结构化状态核对资格。,good(八成新),550.00,HIDDEN,public,place-2-library,,,,,,,,
monitor-search-exact__201,dev,search,戴尔 P2422H 显示器,monitor,400.00 ~ 700.00,,,,戴尔 P2422H 显示器,P2422H,"功能正常,附带原装配件。",good(八成新),400.00,ON_SALE,public,place-2-library,,,,,,,,
monitor-search-exact__202,dev,search,戴尔 P2422H 显示器,monitor,400.00 ~ 700.00,,,,戴尔 P2422H 二十四英寸办公屏幕,P2422H,"设备完好,可当面检查。",good(八成新),700.00,ON_SALE,public,place-2-library,,,,,,,,
monitor-search-exact__203,dev,search,戴尔 P2422H 显示器,monitor,400.00 ~ 700.00,,,,戴尔 P2419H 显示器,OTHER-MODEL,"同类用品,具体型号与目标不同。",good(八成新),550.00,ON_SALE,public,place-2-library,,,,,,,,
monitor-search-exact__204,dev,search,戴尔 P2422H 显示器,monitor,400.00 ~ 700.00,,,,戴尔 P2422H 显示器,P2422H,"出售相同型号,价格见标价。",good(八成新),700.01,ON_SALE,public,place-2-library,,,,,,,,
monitor-search-exact__205,dev,search,戴尔 P2422H 显示器,monitor,400.00 ~ 700.00,,,,戴尔 P2422H 显示器,P2422H,"相同型号,已完成交易。",good(八成新),550.00,SOLD,public,place-2-library,,,,,,,,
monitor-search-exact__206,dev,search,戴尔 P2422H 显示器,monitor,400.00 ~ 700.00,,,,戴尔 P2422H 显示器,P2422H,请依据结构化状态核对资格。,good(八成新),550.00,HIDDEN,public,place-2-library,,,,,,,,
monitor-search-natural__201,dev,search,想收戴尔 P2422H 办公屏幕,monitor,400.00 ~ 700.00,,,,戴尔 P2422H 显示器,P2422H,"功能正常,附带原装配件。",good(八成新),400.00,ON_SALE,public,place-2-library,,,,,,,,
monitor-search-natural__202,dev,search,想收戴尔 P2422H 办公屏幕,monitor,400.00 ~ 700.00,,,,戴尔 P2422H 二十四英寸办公屏幕,P2422H,"设备完好,可当面检查。",good(八成新),700.00,ON_SALE,public,place-2-library,,,,,,,,
monitor-search-natural__203,dev,search,想收戴尔 P2422H 办公屏幕,monitor,400.00 ~ 700.00,,,,戴尔 P2419H 显示器,OTHER-MODEL,"同类用品,具体型号与目标不同。",good(八成新),550.00,ON_SALE,public,place-2-library,,,,,,,,
monitor-search-natural__204,dev,search,想收戴尔 P2422H 办公屏幕,monitor,400.00 ~ 700.00,,,,戴尔 P2422H 显示器,P2422H,"出售相同型号,价格见标价。",good(八成新),700.01,ON_SALE,public,place-2-library,,,,,,,,
monitor-search-natural__205,dev,search,想收戴尔 P2422H 办公屏幕,monitor,400.00 ~ 700.00,,,,戴尔 P2422H 显示器,P2422H,"相同型号,已完成交易。",good(八成新),550.00,SOLD,public,place-2-library,,,,,,,,
monitor-search-natural__206,dev,search,想收戴尔 P2422H 办公屏幕,monitor,400.00 ~ 700.00,,,,戴尔 P2422H 显示器,P2422H,请依据结构化状态核对资格。,good(八成新),550.00,HIDDEN,public,place-2-library,,,,,,,,
tablet-matching__1001,test_candidate,matching,上课记笔记用的第九代 iPad,tablet,1000.00 ~ 1600.00,good(八成新),iPad 9,place-10-library,苹果 iPad 9 平板,iPad 9,"功能正常,附带原装配件。",good(八成新),1000.00,ON_SALE,public,place-10-library,,,,,,,,
tablet-matching__1002,test_candidate,matching,上课记笔记用的第九代 iPad,tablet,1000.00 ~ 1600.00,good(八成新),iPad 9,place-10-library,苹果第九代 iPad 64GB 学习平板,iPad 9,"设备完好,可当面检查。",good(八成新),1600.00,ON_SALE,public,place-10-library,,,,,,,,
tablet-matching__1003,test_candidate,matching,上课记笔记用的第九代 iPad,tablet,1000.00 ~ 1600.00,good(八成新),iPad 9,place-10-library,苹果 iPad 8 平板,OTHER-MODEL,"同类用品,具体型号与目标不同。",good(八成新),1300.00,ON_SALE,public,place-10-library,,,,,,,,
tablet-matching__1004,test_candidate,matching,上课记笔记用的第九代 iPad,tablet,1000.00 ~ 1600.00,good(八成新),iPad 9,place-10-library,苹果 iPad 9 平板,iPad 9,"出售相同型号,价格见标价。",good(八成新),1600.01,ON_SALE,public,place-10-library,,,,,,,,
tablet-matching__1005,test_candidate,matching,上课记笔记用的第九代 iPad,tablet,1000.00 ~ 1600.00,good(八成新),iPad 9,place-10-library,苹果 iPad 9 平板,iPad 9,"相同型号,已完成交易。",good(八成新),1300.00,SOLD,public,place-10-library,,,,,,,,
tablet-matching__1006,test_candidate,matching,上课记笔记用的第九代 iPad,tablet,1000.00 ~ 1600.00,good(八成新),iPad 9,place-10-library,苹果 iPad 9 平板,,请依据结构化状态核对资格。,good(八成新),1300.00,ON_SALE,public,place-10-library,,,,,,,,
tablet-search-exact__1001,test_candidate,search,苹果 iPad 9 平板,tablet,1000.00 ~ 1600.00,,,,苹果 iPad 9 平板,iPad 9,"功能正常,附带原装配件。",good(八成新),1000.00,ON_SALE,public,place-10-library,,,,,,,,
tablet-search-exact__1002,test_candidate,search,苹果 iPad 9 平板,tablet,1000.00 ~ 1600.00,,,,苹果第九代 iPad 64GB 学习平板,iPad 9,"设备完好,可当面检查。",good(八成新),1600.00,ON_SALE,public,place-10-library,,,,,,,,
tablet-search-exact__1003,test_candidate,search,苹果 iPad 9 平板,tablet,1000.00 ~ 1600.00,,,,苹果 iPad 8 平板,OTHER-MODEL,"同类用品,具体型号与目标不同。",good(八成新),1300.00,ON_SALE,public,place-10-library,,,,,,,,
tablet-search-exact__1004,test_candidate,search,苹果 iPad 9 平板,tablet,1000.00 ~ 1600.00,,,,苹果 iPad 9 平板,iPad 9,"出售相同型号,价格见标价。",good(八成新),1600.01,ON_SALE,public,place-10-library,,,,,,,,
tablet-search-exact__1005,test_candidate,search,苹果 iPad 9 平板,tablet,1000.00 ~ 1600.00,,,,苹果 iPad 9 平板,iPad 9,"相同型号,已完成交易。",good(八成新),1300.00,SOLD,public,place-10-library,,,,,,,,
tablet-search-exact__1006,test_candidate,search,苹果 iPad 9 平板,tablet,1000.00 ~ 1600.00,,,,苹果 iPad 9 平板,,请依据结构化状态核对资格。,good(八成新),1300.00,ON_SALE,public,place-10-library,,,,,,,,
tablet-search-natural__1001,test_candidate,search,上课记笔记用的第九代 iPad,tablet,1000.00 ~ 1600.00,,,,苹果 iPad 9 平板,iPad 9,"功能正常,附带原装配件。",good(八成新),1000.00,ON_SALE,public,place-10-library,,,,,,,,
tablet-search-natural__1002,test_candidate,search,上课记笔记用的第九代 iPad,tablet,1000.00 ~ 1600.00,,,,苹果第九代 iPad 64GB 学习平板,iPad 9,"设备完好,可当面检查。",good(八成新),1600.00,ON_SALE,public,place-10-library,,,,,,,,
tablet-search-natural__1003,test_candidate,search,上课记笔记用的第九代 iPad,tablet,1000.00 ~ 1600.00,,,,苹果 iPad 8 平板,OTHER-MODEL,"同类用品,具体型号与目标不同。",good(八成新),1300.00,ON_SALE,public,place-10-library,,,,,,,,
tablet-search-natural__1004,test_candidate,search,上课记笔记用的第九代 iPad,tablet,1000.00 ~ 1600.00,,,,苹果 iPad 9 平板,iPad 9,"出售相同型号,价格见标价。",good(八成新),1600.01,ON_SALE,public,place-10-library,,,,,,,,
tablet-search-natural__1005,test_candidate,search,上课记笔记用的第九代 iPad,tablet,1000.00 ~ 1600.00,,,,苹果 iPad 9 平板,iPad 9,"相同型号,已完成交易。",good(八成新),1300.00,SOLD,public,place-10-library,,,,,,,,
tablet-search-natural__1006,test_candidate,search,上课记笔记用的第九代 iPad,tablet,1000.00 ~ 1600.00,,,,苹果 iPad 9 平板,,请依据结构化状态核对资格。,good(八成新),1300.00,ON_SALE,public,place-10-library,,,,,,,,
tennis-matching__1201,dev,matching,求 Wilson Clash 100 网球拍,tennis,400.00 ~ 800.00,good(八成新),Clash 100,place-12-library,威尔胜 Clash 100 网球拍,Clash 100,"功能正常,附带原装配件。",good(八成新),400.00,ON_SALE,public,place-12-library,,,,,,,,
tennis-matching__1202,dev,matching,求 Wilson Clash 100 网球拍,tennis,400.00 ~ 800.00,good(八成新),Clash 100,place-12-library,Wilson Clash 100 碳素网球拍,Clash 100,"设备完好,可当面检查。",good(八成新),800.00,ON_SALE,public,place-12-library,,,,,,,,
tennis-matching__1203,dev,matching,求 Wilson Clash 100 网球拍,tennis,400.00 ~ 800.00,good(八成新),Clash 100,place-12-library,Wilson Blade 98 网球拍,OTHER-MODEL,"同类用品,具体型号与目标不同。",good(八成新),600.00,ON_SALE,public,place-12-library,,,,,,,,
tennis-matching__1204,dev,matching,求 Wilson Clash 100 网球拍,tennis,400.00 ~ 800.00,good(八成新),Clash 100,place-12-library,威尔胜 Clash 100 网球拍,Clash 100,"出售相同型号,价格见标价。",good(八成新),800.01,ON_SALE,public,place-12-library,,,,,,,,
tennis-matching__1205,dev,matching,求 Wilson Clash 100 网球拍,tennis,400.00 ~ 800.00,good(八成新),Clash 100,place-12-library,威尔胜 Clash 100 网球拍,Clash 100,"相同型号,已完成交易。",good(八成新),600.00,SOLD,public,place-12-library,,,,,,,,
tennis-matching__1206,dev,matching,求 Wilson Clash 100 网球拍,tennis,400.00 ~ 800.00,good(八成新),Clash 100,place-12-library,威尔胜 Clash 100 网球拍,Clash 100,请依据结构化状态核对资格。,good(八成新),600.00,ON_SALE,public,place-12-library,,,,,,,,
tennis-matching-expired__1201,dev,matching,求 Wilson Clash 100 网球拍,tennis,400.00 ~ 800.00,good(八成新),Clash 100,place-12-library,威尔胜 Clash 100 网球拍,Clash 100,"功能正常,附带原装配件。",good(八成新),400.00,ON_SALE,public,place-12-library,,,,,,,,
tennis-matching-expired__1202,dev,matching,求 Wilson Clash 100 网球拍,tennis,400.00 ~ 800.00,good(八成新),Clash 100,place-12-library,Wilson Clash 100 碳素网球拍,Clash 100,"设备完好,可当面检查。",good(八成新),800.00,ON_SALE,public,place-12-library,,,,,,,,
tennis-matching-expired__1203,dev,matching,求 Wilson Clash 100 网球拍,tennis,400.00 ~ 800.00,good(八成新),Clash 100,place-12-library,Wilson Blade 98 网球拍,OTHER-MODEL,"同类用品,具体型号与目标不同。",good(八成新),600.00,ON_SALE,public,place-12-library,,,,,,,,
tennis-matching-expired__1204,dev,matching,求 Wilson Clash 100 网球拍,tennis,400.00 ~ 800.00,good(八成新),Clash 100,place-12-library,威尔胜 Clash 100 网球拍,Clash 100,"出售相同型号,价格见标价。",good(八成新),800.01,ON_SALE,public,place-12-library,,,,,,,,
tennis-matching-expired__1205,dev,matching,求 Wilson Clash 100 网球拍,tennis,400.00 ~ 800.00,good(八成新),Clash 100,place-12-library,威尔胜 Clash 100 网球拍,Clash 100,"相同型号,已完成交易。",good(八成新),600.00,SOLD,public,place-12-library,,,,,,,,
tennis-matching-expired__1206,dev,matching,求 Wilson Clash 100 网球拍,tennis,400.00 ~ 800.00,good(八成新),Clash 100,place-12-library,威尔胜 Clash 100 网球拍,Clash 100,请依据结构化状态核对资格。,good(八成新),600.00,ON_SALE,public,place-12-library,,,,,,,,
tennis-search-exact__1201,dev,search,威尔胜 Clash 100 网球拍,tennis,400.00 ~ 800.00,,,,威尔胜 Clash 100 网球拍,Clash 100,"功能正常,附带原装配件。",good(八成新),400.00,ON_SALE,public,place-12-library,,,,,,,,
tennis-search-exact__1202,dev,search,威尔胜 Clash 100 网球拍,tennis,400.00 ~ 800.00,,,,Wilson Clash 100 碳素网球拍,Clash 100,"设备完好,可当面检查。",good(八成新),800.00,ON_SALE,public,place-12-library,,,,,,,,
tennis-search-exact__1203,dev,search,威尔胜 Clash 100 网球拍,tennis,400.00 ~ 800.00,,,,Wilson Blade 98 网球拍,OTHER-MODEL,"同类用品,具体型号与目标不同。",good(八成新),600.00,ON_SALE,public,place-12-library,,,,,,,,
tennis-search-exact__1204,dev,search,威尔胜 Clash 100 网球拍,tennis,400.00 ~ 800.00,,,,威尔胜 Clash 100 网球拍,Clash 100,"出售相同型号,价格见标价。",good(八成新),800.01,ON_SALE,public,place-12-library,,,,,,,,
tennis-search-exact__1205,dev,search,威尔胜 Clash 100 网球拍,tennis,400.00 ~ 800.00,,,,威尔胜 Clash 100 网球拍,Clash 100,"相同型号,已完成交易。",good(八成新),600.00,SOLD,public,place-12-library,,,,,,,,
tennis-search-exact__1206,dev,search,威尔胜 Clash 100 网球拍,tennis,400.00 ~ 800.00,,,,威尔胜 Clash 100 网球拍,Clash 100,请依据结构化状态核对资格。,good(八成新),600.00,ON_SALE,public,place-12-library,,,,,,,,
tennis-search-natural__1201,dev,search,求 Wilson Clash 100 网球拍,tennis,400.00 ~ 800.00,,,,威尔胜 Clash 100 网球拍,Clash 100,"功能正常,附带原装配件。",good(八成新),400.00,ON_SALE,public,place-12-library,,,,,,,,
tennis-search-natural__1202,dev,search,求 Wilson Clash 100 网球拍,tennis,400.00 ~ 800.00,,,,Wilson Clash 100 碳素网球拍,Clash 100,"设备完好,可当面检查。",good(八成新),800.00,ON_SALE,public,place-12-library,,,,,,,,
tennis-search-natural__1203,dev,search,求 Wilson Clash 100 网球拍,tennis,400.00 ~ 800.00,,,,Wilson Blade 98 网球拍,OTHER-MODEL,"同类用品,具体型号与目标不同。",good(八成新),600.00,ON_SALE,public,place-12-library,,,,,,,,
tennis-search-natural__1204,dev,search,求 Wilson Clash 100 网球拍,tennis,400.00 ~ 800.00,,,,威尔胜 Clash 100 网球拍,Clash 100,"出售相同型号,价格见标价。",good(八成新),800.01,ON_SALE,public,place-12-library,,,,,,,,
tennis-search-natural__1205,dev,search,求 Wilson Clash 100 网球拍,tennis,400.00 ~ 800.00,,,,威尔胜 Clash 100 网球拍,Clash 100,"相同型号,已完成交易。",good(八成新),600.00,SOLD,public,place-12-library,,,,,,,,
tennis-search-natural__1206,dev,search,求 Wilson Clash 100 网球拍,tennis,400.00 ~ 800.00,,,,威尔胜 Clash 100 网球拍,Clash 100,请依据结构化状态核对资格。,good(八成新),600.00,ON_SALE,public,place-12-library,,,,,,,,
